{
    "LogisticRegression": {
        "accuracy": 0.903,
        "precision": 0.8729016786570744,
        "recall": 0.8921568627450981,
        "f1": 0.8824242424242424,
        "roc_auc": 0.9657193958664547
    },
    "RandomForest": {
        "accuracy": 0.906,
        "precision": 0.8905472636815921,
        "recall": 0.8774509803921569,
        "f1": 0.8839506172839506,
        "roc_auc": 0.963338280835983
    },
    "XGBoost": {
        "accuracy": 0.902,
        "precision": 0.8799019607843137,
        "recall": 0.8799019607843137,
        "f1": 0.8799019607843137,
        "roc_auc": 0.9640188212109168
    }
}